open_time,open,high,low,close,volume,quote_volume,count,taker_buy_volume,taker_buy_quote_volume
2025-09-01 00:00:00+00:00,108246.36,108260.0,108210.66,108260.0,15.88924,1719711.2487114,2717.0,3.23174,349766.7300722
2025-09-01 00:01:00+00:00,108260.0,108332.35,108259.99,108332.35,12.9403,1401476.8396438,1309.0,8.13811,881486.6328962
2025-09-01 00:02:00+00:00,108332.35,108332.35,108256.43,108256.44,25.92896,2807726.9276203,2136.0,0.53008,57404.8449921
2025-09-01 00:03:00+00:00,108256.44,108282.43,108229.17,108229.18,18.99223,2056101.2042436,2344.0,8.31355,900040.989379
2025-09-01 00:04:00+00:00,108229.18,108229.18,108100.0,108100.0,12.05048,1303485.3075313,3790.0,2.20353,238367.4965974
2025-09-01 00:05:00+00:00,108100.0,108110.46,108060.0,108070.04,45.3345,4900064.5595677,5961.0,11.8308,1278680.987059
2025-09-01 00:06:00+00:00,108070.04,108086.17,108015.0,108074.49,26.80768,2896428.5502157,4855.0,11.376,1229186.5248982
2025-09-01 00:07:00+00:00,108074.5,108152.44,108043.23,108152.43,17.08691,1846843.8122184,3203.0,14.29788,1545436.7421112
2025-09-01 00:08:00+00:00,108152.43,108152.43,108034.16,108037.77,75.56924,8166852.9091808,3241.0,7.76625,839207.591576
2025-09-01 00:09:00+00:00,108037.77,108037.78,107983.0,107989.04,88.42085,9550056.0229459,5989.0,7.96818,860649.2879821
2025-09-01 00:10:00+00:00,107989.04,108031.73,107978.42,108020.1,42.31092,4569366.2110917,3042.0,37.95547,4098968.8825009
2025-09-01 00:11:00+00:00,108020.1,108058.55,107993.31,108007.75,21.26307,2296692.3591148,3438.0,5.39443,582653.127467
2025-09-01 00:12:00+00:00,108007.87,108031.26,107993.89,108003.65,11.24534,1214498.1799067,2476.0,3.57512,386117.3808209
2025-09-01 00:13:00+00:00,108003.65,108031.44,107982.77,107982.77,6.48763,700740.1624442,2314.0,3.26331,352460.9675392
2025-09-01 00:14:00+00:00,107982.77,107982.77,107970.65,107970.66,2.18836,236293.0474908,1036.0,0.7444,80377.7416025
2025-09-01 00:15:00+00:00,107970.66,108031.26,107939.22,108031.25,18.45083,1992131.9800035,3934.0,11.44129,1235366.2313675
2025-09-01 00:16:00+00:00,108031.26,108077.06,108006.63,108011.99,14.68812,1587036.9415308,2577.0,7.80262,843009.5928831
2025-09-01 00:17:00+00:00,108011.99,108012.0,107956.73,107988.24,8.68588,937888.5225158,2755.0,2.95599,319168.1680527
2025-09-01 00:18:00+00:00,107988.24,108024.75,107961.85,107961.86,5.7301,618817.4260168,3105.0,3.49984,377957.1600595
2025-09-01 00:19:00+00:00,107961.86,107961.86,107924.28,107949.0,10.13504,1093977.0958292,2646.0,3.31031,357300.5008877
2025-09-01 00:20:00+00:00,107949.0,107973.01,107902.0,107903.36,21.83386,2356800.928749,3951.0,11.17887,1206837.2809681
2025-09-01 00:21:00+00:00,107903.36,107912.61,107818.95,107818.96,24.49651,2642671.6155649,3022.0,1.12181,121026.5930727
2025-09-01 00:22:00+00:00,107818.96,107853.99,107818.18,107818.19,7.82195,843484.5947022,2942.0,3.56866,384812.3960748
2025-09-01 00:23:00+00:00,107818.19,107839.07,107789.65,107808.12,18.45079,1989132.5322042,3160.0,8.32048,897013.6972965
2025-09-01 00:24:00+00:00,107808.11,107808.12,107725.0,107758.35,22.75675,2452389.6482756,3532.0,6.2973,678578.0804895
2025-09-01 00:25:00+00:00,107758.36,107781.02,107666.38,107673.65,18.92659,2038854.1293192,4375.0,6.19094,667045.0798115
2025-09-01 00:26:00+00:00,107673.66,107691.92,107631.68,107653.27,34.89826,3757122.0048439,7381.0,18.06929,1945180.9938139
2025-09-01 00:27:00+00:00,107653.28,107757.86,107653.28,107712.01,22.61272,2435848.2308938,4783.0,15.46534,1665915.9325833
2025-09-01 00:28:00+00:00,107712.0,107820.0,107696.43,107819.99,37.6504,4056471.3440549,4195.0,31.62275,3406899.3661739
2025-09-01 00:29:00+00:00,107819.99,107868.27,107814.12,107823.71,18.64107,2010364.996908,4064.0,6.05511,652919.1668554
2025-09-01 00:30:00+00:00,107823.71,107868.08,107816.78,107850.5,9.41326,1015079.5727105,4010.0,6.92459,746677.8771437
2025-09-01 00:31:00+00:00,107850.49,107850.5,107687.7,107758.01,10.88679,1173042.4904117,4342.0,4.44306,478661.2203648
2025-09-01 00:32:00+00:00,107758.01,107858.49,107732.56,107858.49,13.06359,1408288.7583641,4071.0,11.27332,1215317.4315322
2025-09-01 00:33:00+00:00,107858.49,107904.67,107819.23,107819.24,9.53813,1028906.6950513,4654.0,6.1349,661788.5504282
2025-09-01 00:34:00+00:00,107819.24,107819.34,107742.8,107776.24,11.84564,1276682.9440478,4227.0,7.07907,762943.6551231
2025-09-01 00:35:00+00:00,107776.24,107798.39,107733.36,107740.34,12.40504,1336902.1682971,3886.0,5.49333,591985.4184853
2025-09-01 00:36:00+00:00,107739.0,107769.75,107676.76,107769.74,14.89923,1604934.6939025,5791.0,6.30259,678900.619083
2025-09-01 00:37:00+00:00,107769.74,107840.0,107735.92,107808.12,28.05107,3023154.6464786,4048.0,22.53311,2428384.1038256
2025-09-01 00:38:00+00:00,107808.12,107808.12,107767.8,107767.81,31.02089,3343991.9292387,2961.0,6.06993,654255.2088761
2025-09-01 00:39:00+00:00,107767.81,107788.0,107724.17,107768.91,6.34603,683799.3529869,3214.0,2.95594,318507.1001576
2025-09-01 00:40:00+00:00,107768.91,107853.94,107759.29,107853.94,9.68958,1044565.834332,2591.0,5.93535,639880.6059291
2025-09-01 00:41:00+00:00,107853.94,107980.0,107820.52,107979.99,14.36496,1550147.1700644,3537.0,12.14234,1310321.1610932
2025-09-01 00:42:00+00:00,107980.0,108188.0,107980.0,108173.69,57.14117,6178173.6050948,5121.0,42.32544,4575839.5808831
2025-09-01 00:43:00+00:00,108173.68,108218.49,108143.22,108209.92,20.37183,2203844.6110425,6267.0,10.34219,1118793.6475674
2025-09-01 00:44:00+00:00,108209.92,108209.92,108141.01,108167.15,10.88195,1177095.9292037,3344.0,5.16376,558493.0819398
2025-09-01 00:45:00+00:00,108167.15,108220.0,108133.01,108219.99,5.61607,607514.9019265,3404.0,2.98566,322978.854151
2025-09-01 00:46:00+00:00,108220.0,108364.0,108212.23,108363.99,13.28277,1438560.0141351,4501.0,8.75713,948307.1519927
2025-09-01 00:47:00+00:00,108363.99,108406.18,108273.07,108273.99,11.8612,1284966.1523238,5770.0,5.92531,641868.2802393
2025-09-01 00:48:00+00:00,108274.0,108274.85,108155.24,108213.81,14.64465,1584946.8416876,4946.0,8.06267,872512.3494031
2025-09-01 00:49:00+00:00,108213.81,108242.78,108162.56,108168.92,4.32504,467961.395395,3295.0,1.12996,122259.8741468
2025-09-01 00:50:00+00:00,108168.93,108174.0,108084.0,108125.76,8.22875,889762.8410651,3910.0,1.55929,168588.6129412
2025-09-01 00:51:00+00:00,108125.77,108221.64,108125.77,108221.36,6.10978,660931.6736671,1935.0,5.42498,586847.1556031
2025-09-01 00:52:00+00:00,108221.35,108269.02,108216.79,108220.03,3.88675,420687.3477223,2801.0,1.82853,197907.5760442
2025-09-01 00:53:00+00:00,108220.02,108360.0,108214.04,108360.0,16.46577,1783070.5033708,3845.0,15.52553,1681295.0432008
2025-09-01 00:54:00+00:00,108360.0,108360.02,108319.87,108326.86,2.65709,287896.4463739,2245.0,0.92324,100033.7168719
2025-09-01 00:55:00+00:00,108326.86,108331.69,108301.95,108315.26,2.68544,290876.825443,1820.0,1.237,133978.9513106
2025-09-01 00:56:00+00:00,108315.26,108386.42,108307.28,108386.41,2.75338,298346.0827517,1616.0,2.33007,252491.9103932
2025-09-01 00:57:00+00:00,108386.42,108386.42,108260.42,108260.42,8.17026,884978.7860801,3235.0,1.32688,143745.7108881
2025-09-01 00:58:00+00:00,108260.43,108317.16,108242.73,108306.02,4.01257,434531.9114455,2285.0,1.87853,203408.9695428
2025-09-01 00:59:00+00:00,108306.02,108306.02,108222.37,108222.37,5.90884,639695.2549166,1929.0,0.52357,56668.1014923
2025-09-01 01:00:00+00:00,108222.37,108231.97,108160.58,108200.0,20.62678,2231516.4883092,3749.0,4.99587,540454.0030828
2025-09-01 01:01:00+00:00,108200.0,108259.99,108200.0,108259.99,8.51017,921089.2669441,2804.0,5.1331,555540.9029168
2025-09-01 01:02:00+00:00,108260.0,108355.0,108260.0,108334.13,4.56392,494396.0327071,2309.0,2.15425,233315.2443824
2025-09-01 01:03:00+00:00,108334.12,108334.12,108277.29,108288.43,6.32278,684793.781015,2326.0,2.73419,296109.8579682
2025-09-01 01:04:00+00:00,108288.44,108305.99,108269.38,108269.39,2.76194,299082.2607057,1782.0,1.39243,150780.9297104
2025-09-01 01:05:00+00:00,108269.39,108346.38,108233.22,108346.36,5.29845,573740.3066887,2100.0,3.75747,406915.9161509
2025-09-01 01:06:00+00:00,108346.36,108346.36,108240.5,108267.35,4.92796,533626.5138232,1898.0,0.35777,38731.9995132
2025-09-01 01:07:00+00:00,108267.35,108267.36,108178.82,108178.82,11.32179,1225357.5041312,2681.0,1.03362,111851.50898
2025-09-01 01:08:00+00:00,108178.83,108219.32,108110.02,108110.03,4.01655,434436.3287231,2673.0,0.97066,105002.5268077
2025-09-01 01:09:00+00:00,108110.03,108110.03,108034.0,108043.11,10.46754,1131002.3939901,3758.0,1.92049,207502.5554782
2025-09-01 01:10:00+00:00,108042.53,108053.73,107968.09,107968.09,7.12053,769153.4391523,3433.0,1.09658,118462.5302563
2025-09-01 01:11:00+00:00,107968.1,108091.22,107968.09,108091.21,4.47359,483300.0479082,3419.0,3.11528,336547.7039957
2025-09-01 01:12:00+00:00,108091.22,108102.03,108060.0,108093.49,3.7464,404914.9644631,2258.0,0.78978,85358.2585157
2025-09-01 01:13:00+00:00,108093.49,108102.84,108059.99,108059.99,2.96745,320715.9193884,1973.0,1.21007,130783.7678727
2025-09-01 01:14:00+00:00,108059.4,108148.0,108051.79,108143.65,3.94427,426389.838887,2154.0,3.25057,351383.3531261
2025-09-01 01:15:00+00:00,108143.65,108178.83,108089.06,108089.07,3.02667,327307.6868108,2461.0,1.10479,119477.6057537
2025-09-01 01:16:00+00:00,108089.07,108100.91,108014.0,108057.91,4.11643,444815.6161471,2556.0,1.91593,207038.0797374
2025-09-01 01:17:00+00:00,108057.92,108164.96,108057.92,108140.01,4.99517,540150.2617293,2641.0,3.03708,328391.7542073
2025-09-01 01:18:00+00:00,108140.01,108284.0,108140.01,108262.24,10.30201,1115042.0912814,3296.0,4.64483,502549.8693228
2025-09-01 01:19:00+00:00,108262.24,108262.24,108178.82,108194.63,15.56783,1684575.6858879,3077.0,8.32869,901209.2895673
2025-09-01 01:20:00+00:00,108194.64,108245.7,108160.0,108220.01,7.11728,770268.6361741,2472.0,2.27945,246677.4444708
2025-09-01 01:21:00+00:00,108220.0,108220.69,108178.82,108193.52,6.27539,679012.1639775,2316.0,1.67554,181284.7631066
2025-09-01 01:22:00+00:00,108193.52,108240.0,108156.18,108239.99,9.66425,1045636.8655369,1937.0,3.5552,384622.4516383
2025-09-01 01:23:00+00:00,108239.99,108260.0,108156.46,108160.08,5.88087,636298.1661861,3023.0,1.42284,153940.0147972
2025-09-01 01:24:00+00:00,108160.08,108164.61,108138.65,108145.17,4.82518,521846.2595409,2063.0,2.81113,304014.3141663
2025-09-01 01:25:00+00:00,108145.17,108231.69,108134.25,108231.69,4.40828,476872.5699355,2067.0,2.61755,283193.4924397
2025-09-01 01:26:00+00:00,108231.69,108253.6,108194.62,108245.67,3.80654,411976.5372964,2231.0,1.17128,126764.7997524
2025-09-01 01:27:00+00:00,108245.67,108286.99,108242.61,108286.99,5.71769,619023.5858372,1723.0,4.09227,443052.3252614
2025-09-01 01:28:00+00:00,108286.98,108286.98,108242.37,108249.16,4.54984,492572.9552804,1809.0,1.16006,125576.9890679
2025-09-01 01:29:00+00:00,108249.15,108249.25,108213.44,108241.63,5.91617,640370.4909047,1405.0,2.07774,224885.5040894
2025-09-01 01:30:00+00:00,108241.63,108248.1,108183.0,108243.78,11.56402,1251445.206886,2832.0,1.49878,162190.9983612
2025-09-01 01:31:00+00:00,108243.78,108299.3,108230.94,108232.0,7.49947,811964.9115383,2932.0,3.48056,376829.9124018
2025-09-01 01:32:00+00:00,108231.99,108237.9,108064.01,108107.39,24.75582,2677615.1874152,5860.0,7.89651,854117.3177234
2025-09-01 01:33:00+00:00,108107.39,108148.96,108090.98,108090.99,4.83184,522432.414063,3819.0,2.38577,257954.6664063
2025-09-01 01:34:00+00:00,108090.99,108114.55,108052.0,108114.55,10.80963,1168284.1661145,4149.0,6.27939,678660.1516277
2025-09-01 01:35:00+00:00,108114.55,108131.45,108053.93,108091.98,6.89304,745124.4907879,3653.0,2.76881,299290.2467512
2025-09-01 01:36:00+00:00,108091.98,108242.0,108077.45,108239.37,36.73064,3971448.11615,4657.0,32.82122,3548453.7713277
2025-09-01 01:37:00+00:00,108239.36,108239.36,108159.33,108186.01,4.56263,493625.5486057,3165.0,2.01307,217778.325829
2025-09-01 01:38:00+00:00,108186.01,108186.84,108130.65,108130.66,3.28721,355558.096838,3037.0,0.59898,64792.2172247
2025-09-01 01:39:00+00:00,108130.66,108209.45,108130.65,108197.07,3.04136,328999.8433429,1739.0,1.85294,200429.3251828
2025-09-01 01:40:00+00:00,108197.06,108227.34,108179.5,108197.81,3.26877,353695.6796436,2213.0,1.311,141852.5106076
2025-09-01 01:41:00+00:00,108197.81,108197.81,108140.0,108155.29,2.81619,304607.7955493,2502.0,0.88919,96172.173471
2025-09-01 01:42:00+00:00,108155.29,108234.32,108147.29,108225.93,3.87157,418827.1287728,2151.0,3.17173,343118.3764297
2025-09-01 01:43:00+00:00,108225.94,108247.0,108223.84,108236.82,1.96123,212273.0084134,1033.0,0.9332,101005.6433658
2025-09-01 01:44:00+00:00,108236.82,108299.3,108234.25,108299.29,9.8887,1070800.6417628,1607.0,9.45446,1023791.7907887
2025-09-01 01:45:00+00:00,108299.29,108342.35,108292.62,108336.82,11.41496,1236429.787958,2797.0,6.30258,682711.9773844
2025-09-01 01:46:00+00:00,108336.82,108482.98,108308.2,108448.86,19.92208,2159879.3419409,5481.0,14.12605,1531333.714456
2025-09-01 01:47:00+00:00,108448.87,108448.87,108314.9,108347.4,10.2005,1105576.9768431,5676.0,4.23555,459071.7769775
2025-09-01 01:48:00+00:00,108347.41,108366.99,108280.0,108280.01,7.22968,783178.831238,4124.0,2.19538,237829.1418036
2025-09-01 01:49:00+00:00,108280.0,108290.8,108202.25,108213.99,5.36394,580599.8681868,4183.0,2.50462,271093.475347
2025-09-01 01:50:00+00:00,108214.0,108214.0,108120.38,108129.43,6.01038,650066.4364841,3588.0,0.70237,75965.9476686
2025-09-01 01:51:00+00:00,108129.43,108165.49,108076.92,108132.89,14.42103,1559161.7857883,3051.0,3.28173,354788.7868026
2025-09-01 01:52:00+00:00,108132.88,108211.62,108094.73,108094.74,5.1804,560345.2817334,3209.0,2.47588,267815.6006165
2025-09-01 01:53:00+00:00,108094.73,108105.55,107980.0,108020.0,14.84861,1604217.4612749,4522.0,3.96165,428032.0278843
2025-09-01 01:54:00+00:00,108020.0,108054.37,108019.99,108020.97,12.96346,1400475.5931881,2130.0,8.44381,912176.7959098
2025-09-01 01:55:00+00:00,108020.97,108092.91,108020.96,108077.61,7.22615,780910.8093527,2255.0,4.2708,461484.7263662
2025-09-01 01:56:00+00:00,108077.61,108126.0,108077.6,108086.39,7.01846,758767.396865,2258.0,1.73458,187501.0743571
2025-09-01 01:57:00+00:00,108086.39,108158.0,108086.39,108125.99,6.87044,742875.274996,2246.0,3.30861,357708.9177699
2025-09-01 01:58:00+00:00,108126.0,108192.58,108126.0,108192.57,3.8662,418175.7494282,1306.0,2.61622,282969.371324
2025-09-01 01:59:00+00:00,108192.58,108192.58,108150.24,108150.24,5.65749,611993.3808234,1650.0,1.34384,145355.9857698
2025-09-01 02:00:00+00:00,108150.24,108186.6,108150.24,108153.24,7.17792,776415.9939394,1957.0,2.53008,273648.419668
2025-09-01 02:01:00+00:00,108153.24,108192.58,108140.0,108143.51,8.6235,932738.7661078,2772.0,3.1805,343990.2640136
2025-09-01 02:02:00+00:00,108143.51,108172.65,108070.36,108070.37,7.12624,770533.3243488,2619.0,1.30626,141251.6634308
2025-09-01 02:03:00+00:00,108070.36,108152.83,108052.84,108146.0,8.5715,926625.0773286,3375.0,4.93159,533079.0366873
2025-09-01 02:04:00+00:00,108146.0,108176.25,108107.27,108107.28,13.81336,1493837.4498962,2969.0,5.96805,645414.5280193
2025-09-01 02:05:00+00:00,108107.28,108135.47,108092.44,108135.46,9.41684,1018047.7063855,2764.0,5.82083,629277.7490178
2025-09-01 02:06:00+00:00,108135.47,108188.94,108135.46,108162.52,9.1749,992393.4982377,2003.0,5.89356,637426.5857961
2025-09-01 02:07:00+00:00,108162.52,108197.67,108162.52,108197.66,4.37703,473469.9735939,1442.0,2.48978,269327.6722256
2025-09-01 02:08:00+00:00,108197.66,108197.67,108140.15,108147.68,5.1935,561749.326464,2061.0,1.32491,143288.5123205
2025-09-01 02:09:00+00:00,108147.68,108164.27,108136.7,108136.7,16.90108,1827865.6885677,1519.0,4.64765,502642.2247135
2025-09-01 02:10:00+00:00,108136.7,108136.7,108000.0,108000.01,7.98429,862809.6094475,2348.0,0.59031,63789.9836732
2025-09-01 02:11:00+00:00,108000.01,108010.16,107980.01,107980.01,31.60625,3413451.2452794,1961.0,3.16266,341552.3688406
2025-09-01 02:12:00+00:00,107980.0,107992.93,107949.58,107951.73,7.13619,770482.1758796,2940.0,3.14021,339025.6243986
2025-09-01 02:13:00+00:00,107951.73,107974.03,107932.4,107932.78,13.2094,1426144.4490281,2219.0,3.66631,395796.0735029
2025-09-01 02:14:00+00:00,107932.79,107970.59,107921.18,107970.59,5.99684,647326.4012024,1387.0,5.29628,571700.2445795
2025-09-01 02:15:00+00:00,107970.58,107980.0,107900.01,107919.98,7.75827,837448.4239,2298.0,1.8456,199173.6345245
2025-09-01 02:16:00+00:00,107919.98,107967.84,107919.98,107942.93,13.66075,1474621.7761642,3768.0,7.51323,810976.7607962
2025-09-01 02:17:00+00:00,107942.93,107962.81,107899.0,107899.0,8.36669,902970.1782409,2516.0,1.75343,189223.9987568
2025-09-01 02:18:00+00:00,107899.01,107930.89,107861.36,107924.63,17.8446,1925275.4604151,3839.0,6.07129,655019.3346095
2025-09-01 02:19:00+00:00,107924.63,107928.0,107878.24,107887.76,12.47667,1346177.7598559,2227.0,1.81889,196258.5844426
2025-09-01 02:20:00+00:00,107887.77,107897.69,107852.97,107852.97,6.26367,675695.6957018,2382.0,2.24333,242006.9570907
2025-09-01 02:21:00+00:00,107852.96,107868.0,107800.0,107868.0,19.83195,2138354.1730011,5212.0,8.04809,867821.7076303
2025-09-01 02:22:00+00:00,107868.0,107884.63,107829.25,107875.88,93.8557,10123200.7063943,2864.0,36.76209,3964459.3721786
2025-09-01 02:23:00+00:00,107875.87,107905.26,107823.94,107823.95,9.62318,1038053.9195142,2487.0,2.04287,220396.4380246
2025-09-01 02:24:00+00:00,107823.94,107823.95,107755.97,107765.3,8.38768,904065.0434627,3381.0,2.03989,219819.5411382
2025-09-01 02:25:00+00:00,107765.3,107765.3,107565.99,107566.99,45.14073,4859628.4976269,10185.0,9.77823,1052812.4218709
2025-09-01 02:26:00+00:00,107566.98,107670.72,107566.98,107618.27,25.81253,2778153.401817,5709.0,10.0248,1078884.0096587
2025-09-01 02:27:00+00:00,107618.28,107713.59,107618.27,107673.99,17.69104,1905048.8107619,6111.0,9.39985,1012125.5025345
2025-09-01 02:28:00+00:00,107674.0,107757.9,107624.32,107757.89,10.01784,1078764.0815539,3335.0,5.73436,617477.6302689
2025-09-01 02:29:00+00:00,107757.89,107768.96,107675.27,107688.19,10.76095,1159288.8160268,3124.0,5.173,557280.9448578
2025-09-01 02:30:00+00:00,107688.19,107707.33,107600.56,107621.12,10.37337,1116628.3084382,4494.0,3.90335,420209.766337
2025-09-01 02:31:00+00:00,107621.13,107635.19,107564.71,107583.26,20.63052,2219719.7554236,5179.0,7.57253,814748.2711208
2025-09-01 02:32:00+00:00,107583.25,107600.52,107530.32,107540.74,12.39587,1333412.3615952,3742.0,3.65644,393294.8938146
2025-09-01 02:33:00+00:00,107540.74,107640.0,107540.74,107638.37,16.77079,1804430.6784989,3450.0,11.8609,1276129.0144205
2025-09-01 02:34:00+00:00,107638.37,107673.71,107570.57,107570.57,8.81802,949143.0898265,3145.0,4.42067,475860.6621949
2025-09-01 02:35:00+00:00,107570.57,107594.94,107525.51,107583.03,14.07637,1514044.8135074,3545.0,8.26899,889414.3558244
2025-09-01 02:36:00+00:00,107583.03,107632.0,107547.62,107567.03,11.34091,1220045.8021803,3761.0,3.92022,421724.1289855
2025-09-01 02:37:00+00:00,107567.02,107622.77,107549.43,107622.77,22.53259,2424443.8118196,3979.0,13.70183,1474213.212777
2025-09-01 02:38:00+00:00,107622.77,107684.0,107611.08,107611.09,15.19027,1635017.6272795,3339.0,6.61757,712253.4090196
2025-09-01 02:39:00+00:00,107611.09,107611.09,107574.6,107593.17,11.44194,1231084.0033285,2176.0,3.99674,429993.3280637
2025-09-01 02:40:00+00:00,107593.18,107612.99,107564.29,107612.98,6.48585,697807.5162817,2293.0,3.39984,365792.4281134
2025-09-01 02:41:00+00:00,107612.99,107613.0,107587.23,107595.24,8.72256,938541.9591321,1414.0,2.5115,270227.1127043
2025-09-01 02:42:00+00:00,107595.25,107595.25,107576.18,107576.19,6.96165,748999.3667846,692.0,1.76044,189388.200122
2025-09-01 02:43:00+00:00,107576.18,107600.35,107558.26,107558.27,7.69936,828335.4465499,1734.0,2.91101,313167.602962
2025-09-01 02:44:00+00:00,107558.26,107564.71,107550.0,107562.56,6.38541,686808.0676109,1263.0,4.45474,479140.4307101
2025-09-01 02:45:00+00:00,107562.56,107630.79,107552.46,107555.46,15.64211,1683137.6700191,3442.0,6.52216,701644.3823542
2025-09-01 02:46:00+00:00,107555.47,107573.19,107520.0,107531.26,9.46337,1017673.096064,1852.0,4.54421,488694.7555325
2025-09-01 02:47:00+00:00,107531.26,107552.95,107513.45,107552.95,12.87149,1384031.7789762,2769.0,6.9751,749996.4849306
2025-09-01 02:48:00+00:00,107552.96,107558.76,107513.56,107535.57,12.08012,1298983.7939416,2052.0,6.56264,705664.3758079
2025-09-01 02:49:00+00:00,107535.57,107566.0,107450.0,107460.01,40.57784,4362021.654703,8714.0,11.53781,1240235.8806463
2025-09-01 02:50:00+00:00,107460.01,107509.31,107452.95,107477.63,10.45664,1123967.6909224,3184.0,6.26944,673856.3286843
2025-09-01 02:51:00+00:00,107477.63,107477.63,107425.42,107426.01,14.26741,1533009.2419176,1882.0,2.93733,315578.8600391
2025-09-01 02:52:00+00:00,107426.01,107625.95,107426.0,107516.01,37.61832,4044868.3147431,5498.0,24.72677,2658095.9757826
2025-09-01 02:53:00+00:00,107516.01,107549.06,107504.0,107546.56,4.736,509246.9307239,1992.0,2.52587,271581.0954078
2025-09-01 02:54:00+00:00,107546.56,107647.63,107546.55,107602.26,9.97397,1073204.4481051,2213.0,6.59441,709506.2970168
2025-09-01 02:55:00+00:00,107602.27,107732.96,107602.27,107721.81,18.7709,2021022.5315048,2433.0,13.3747,1439985.3918643
2025-09-01 02:56:00+00:00,107721.82,107721.82,107591.44,107615.98,25.52437,2747688.3118533,3393.0,2.50281,269353.5228792
2025-09-01 02:57:00+00:00,107615.98,107615.99,107567.37,107592.02,4.53762,488179.089171,1570.0,2.78313,299408.4502201
2025-09-01 02:58:00+00:00,107592.01,107634.2,107592.01,107634.19,5.3678,577655.5200437,1079.0,4.70115,505910.467089
2025-09-01 02:59:00+00:00,107634.2,107634.2,107582.62,107617.05,4.30229,462951.514815,1485.0,2.45306,263938.8399384
2025-09-01 03:00:00+00:00,107617.05,107625.08,107546.33,107546.33,10.72327,1153640.9781433,2023.0,4.32647,465547.203917
2025-09-01 03:01:00+00:00,107546.33,107546.34,107502.0,107515.17,8.46384,910005.9827036,3130.0,4.6115,495774.5210479
2025-09-01 03:02:00+00:00,107515.17,107619.13,107473.22,107606.91,22.77412,2449220.8354066,3833.0,15.45489,1662301.3081225
2025-09-01 03:03:00+00:00,107606.9,107720.0,107582.0,107676.01,24.71554,2660885.8339554,4122.0,16.84987,1813702.9457083
2025-09-01 03:04:00+00:00,107676.01,107709.85,107642.77,107686.69,17.23812,1856159.0123645,3737.0,11.40566,1228083.9591113
2025-09-01 03:05:00+00:00,107686.69,107722.43,107684.0,107719.85,8.58641,924811.3886689,2671.0,5.34667,575844.9402729
2025-09-01 03:06:00+00:00,107719.86,107760.35,107705.38,107752.1,8.24302,888101.5078149,2389.0,4.25368,458246.7254908
2025-09-01 03:07:00+00:00,107752.11,107769.94,107666.01,107679.76,4.07884,439360.1811242,2839.0,2.27244,244777.2363114
2025-09-01 03:08:00+00:00,107679.75,107688.22,107645.65,107660.01,3.9188,421942.2958904,2199.0,1.10857,119357.4743471
2025-09-01 03:09:00+00:00,107660.01,107686.06,107638.01,107655.01,9.82339,1057568.8482057,1845.0,5.14128,553494.37458
2025-09-01 03:10:00+00:00,107655.0,107658.13,107594.94,107603.45,7.68251,826902.2225507,2451.0,2.9506,317551.2825028
2025-09-01 03:11:00+00:00,107603.46,107620.56,107565.12,107609.06,17.36869,1868714.3816955,2199.0,2.66424,286657.2579166
2025-09-01 03:12:00+00:00,107609.06,107620.0,107560.75,107560.76,14.80431,1592968.1674304,2486.0,6.00956,646594.2954613
2025-09-01 03:13:00+00:00,107560.76,107581.47,107560.75,107580.94,6.21342,668365.8303105,839.0,4.30781,463383.9474695
2025-09-01 03:14:00+00:00,107580.94,107580.95,107530.32,107530.32,6.56419,706011.7167393,1882.0,1.58015,169945.1839846
2025-09-01 03:15:00+00:00,107530.33,107537.95,107474.0,107537.95,29.94026,3218701.5929969,3107.0,4.16001,447235.8323689
2025-09-01 03:16:00+00:00,107537.95,107574.88,107514.01,107574.87,17.58784,1891256.6444628,1755.0,7.76907,835463.0187235
2025-09-01 03:17:00+00:00,107574.88,107616.46,107574.38,107616.45,9.00368,968763.6844729,1287.0,4.00633,431069.8156256
2025-09-01 03:18:00+00:00,107616.45,107632.79,107560.0,107632.78,14.57988,1568586.6262904,2161.0,5.71232,614535.5300182
2025-09-01 03:19:00+00:00,107632.79,107632.79,107509.81,107522.98,31.6944,3408184.0458686,2473.0,1.41542,152202.86227
2025-09-01 03:20:00+00:00,107522.99,107522.99,107481.92,107498.57,8.7158,936983.3751614,2187.0,3.1833,342208.9646712
2025-09-01 03:21:00+00:00,107498.57,107539.51,107489.44,107489.45,6.29742,677047.3637678,1498.0,2.75165,295849.4101938
2025-09-01 03:22:00+00:00,107489.44,107548.86,107473.55,107540.78,19.83414,2132243.7155524,2443.0,12.24721,1316630.1866316
2025-09-01 03:23:00+00:00,107540.77,107540.78,107475.0,107498.18,9.37292,1007685.9775946,1911.0,2.57317,276580.4235096
2025-09-01 03:24:00+00:00,107498.18,107508.25,107447.44,107447.45,5.78046,621283.5884437,2012.0,1.61416,173501.1753055
2025-09-01 03:25:00+00:00,107447.45,107481.14,107447.44,107465.47,8.39783,902448.7216755,1678.0,6.33594,680855.7326062
2025-09-01 03:26:00+00:00,107465.47,107512.36,107450.35,107480.14,29.02,3119001.26813,2916.0,8.45751,908894.7823469
2025-09-01 03:27:00+00:00,107480.14,107497.69,107462.34,107462.34,7.68184,825696.5356001,1388.0,2.20616,237132.527684
2025-09-01 03:28:00+00:00,107462.35,107491.29,107458.0,107491.29,4.19561,450933.4847839,764.0,3.00461,322928.7362599
2025-09-01 03:29:00+00:00,107491.28,107511.85,107478.19,107505.21,6.3045,677710.5779222,1024.0,4.27144,459151.0051515
2025-09-01 03:30:00+00:00,107505.21,107538.73,107484.79,107538.73,7.0269,755441.1428373,1418.0,4.94557,531686.0474996
2025-09-01 03:31:00+00:00,107538.72,107538.72,107494.0,107514.78,7.73942,832053.6813017,1954.0,2.59066,278509.1017507
2025-09-01 03:32:00+00:00,107514.78,107531.53,107456.0,107466.56,18.12981,1949027.3824242,2385.0,4.61147,495705.2723658
2025-09-01 03:33:00+00:00,107466.56,107495.39,107443.73,107443.74,7.80847,839238.7515022,1451.0,2.7877,299630.0953157
2025-09-01 03:34:00+00:00,107443.74,107455.01,107412.0,107425.8,12.19312,1309902.0948366,1957.0,2.55356,274312.7083004
2025-09-01 03:35:00+00:00,107425.81,107445.25,107408.0,107408.01,3.92318,421453.2221226,1526.0,1.26175,135543.3383662
2025-09-01 03:36:00+00:00,107408.0,107435.06,107393.0,107424.49,13.52156,1452321.7776532,1953.0,5.19616,558136.2438296
2025-09-01 03:37:00+00:00,107424.49,107456.33,107409.94,107456.32,13.38511,1437968.4170834,1785.0,3.71489,399080.1213849
2025-09-01 03:38:00+00:00,107456.33,107500.0,107448.18,107488.53,27.98582,3007907.99032,1368.0,21.42755,2303085.8678098
2025-09-01 03:39:00+00:00,107488.54,107550.63,107482.91,107482.91,24.53205,2637599.5222974,1845.0,9.76251,1049619.872428
2025-09-01 03:40:00+00:00,107482.92,107516.16,107474.17,107515.69,10.28964,1106124.0550248,1562.0,5.79086,622473.7240748
2025-09-01 03:41:00+00:00,107515.7,107515.7,107488.01,107514.48,5.13026,551537.5907098,1133.0,2.27294,244344.1274403
2025-09-01 03:42:00+00:00,107514.49,107517.18,107506.45,107513.91,4.52019,485986.4044081,567.0,2.10059,225841.4967195
2025-09-01 03:43:00+00:00,107513.92,107534.82,107504.44,107534.82,6.18719,665222.4580603,862.0,4.45139,478595.8342864
2025-09-01 03:44:00+00:00,107534.82,107556.54,107534.81,107556.54,10.28328,1105969.7872817,981.0,4.22739,454632.9864794
2025-09-01 03:45:00+00:00,107556.54,107565.75,107505.43,107559.77,18.90165,2032654.5326328,2401.0,7.20323,774607.1996384
2025-09-01 03:46:00+00:00,107559.76,107628.16,107559.76,107602.0,18.73712,2016017.6338522,2055.0,10.06244,1082620.8346876
2025-09-01 03:47:00+00:00,107601.99,107602.0,107568.09,107568.1,13.73197,1477406.703588,1669.0,5.80233,624273.6757464
2025-09-01 03:48:00+00:00,107568.09,107568.09,107518.46,107536.0,15.30262,1645621.7994064,1891.0,2.97704,320116.8955219
2025-09-01 03:49:00+00:00,107535.99,107536.0,107464.09,107483.99,17.6949,1902233.2568848,1960.0,3.3585,360980.2252428
2025-09-01 03:50:00+00:00,107484.0,107527.18,107483.99,107527.17,7.09213,762473.7967167,943.0,4.09753,440504.7612979
2025-09-01 03:51:00+00:00,107527.17,107527.18,107457.12,107474.07,14.58976,1568268.7126492,2252.0,1.45227,156069.6740011
2025-09-01 03:52:00+00:00,107474.07,107479.15,107437.81,107479.15,13.58799,1460101.4250684,1891.0,4.83669,519756.9183189
2025-09-01 03:53:00+00:00,107479.15,107555.72,107479.14,107548.73,16.62294,1787166.775411,1110.0,8.00947,861125.851927
2025-09-01 03:54:00+00:00,107548.73,107579.74,107548.73,107579.74,17.88445,1923648.3208587,1237.0,7.47012,803496.4435321
2025-09-01 03:55:00+00:00,107579.74,107666.77,107575.31,107666.77,28.26647,3042006.6490748,1909.0,12.47703,1342835.023614
2025-09-01 03:56:00+00:00,107666.76,107686.77,107653.33,107686.77,25.01547,2693306.0412734,1621.0,14.1056,1518690.0000837
2025-09-01 03:57:00+00:00,107686.77,107688.75,107677.91,107688.75,5.05103,543927.4843174,756.0,3.43446,369844.6303308
2025-09-01 03:58:00+00:00,107688.75,107712.21,107685.35,107689.99,9.16115,986677.8667063,1483.0,2.78618,300064.5247808
2025-09-01 03:59:00+00:00,107689.98,107722.49,107660.0,107660.01,12.58573,1355511.7729188,1931.0,6.50122,700230.5777549
2025-09-01 04:00:00+00:00,107660.0,107660.0,107623.63,107631.01,7.77965,837381.4210547,1407.0,1.79364,193054.3730954
2025-09-01 04:01:00+00:00,107631.01,107631.01,107571.06,107603.98,8.85786,953188.9623296,2063.0,5.55191,597438.8551468
2025-09-01 04:02:00+00:00,107603.98,107635.38,107587.17,107606.68,8.93606,961700.3381774,2196.0,4.28263,460889.9536678
2025-09-01 04:03:00+00:00,107606.69,107615.98,107579.82,107579.83,4.43814,477537.6087987,1789.0,2.18423,235020.9772395
2025-09-01 04:04:00+00:00,107579.83,107598.0,107579.83,107587.01,5.1606,555222.3779845,999.0,3.35062,360484.6972844
2025-09-01 04:05:00+00:00,107587.01,107587.01,107526.71,107539.75,5.8468,628839.9371136,2003.0,1.97754,212654.1604099
2025-09-01 04:06:00+00:00,107539.74,107542.77,107516.28,107535.23,5.53276,594940.1125539,1182.0,2.39915,257972.0282399
2025-09-01 04:07:00+00:00,107535.23,107558.07,107529.24,107540.99,5.46911,588165.801384,986.0,3.00252,322886.7939895
2025-09-01 04:08:00+00:00,107540.98,107602.05,107540.98,107588.11,5.39233,580075.019909,1093.0,4.57761,492424.3803108
2025-09-01 04:09:00+00:00,107588.12,107719.03,107588.11,107719.03,18.35962,1976214.5752119,1705.0,13.01985,1401439.4568586
2025-09-01 04:10:00+00:00,107719.02,107759.99,107689.33,107689.33,21.32791,2297538.9670969,2017.0,2.7075,291694.722318
2025-09-01 04:11:00+00:00,107689.33,107732.74,107689.33,107706.8,18.41348,1983409.6230068,1387.0,12.6225,1359589.2383225
2025-09-01 04:12:00+00:00,107706.8,107712.4,107690.0,107705.74,7.36172,792890.4996531,1379.0,3.20744,345446.2228972
2025-09-01 04:13:00+00:00,107705.73,107758.89,107695.43,107717.04,26.5504,2860501.0506467,1837.0,13.91357,1498943.4195523
2025-09-01 04:14:00+00:00,107717.03,107729.98,107717.03,107729.97,7.71145,830656.2048414,390.0,2.60293,280381.5979996
2025-09-01 04:15:00+00:00,107729.98,107743.47,107729.97,107737.36,3.38471,364668.6374318,513.0,1.56492,168600.0394136
2025-09-01 04:16:00+00:00,107737.36,107737.36,107701.99,107702.0,2.12227,228608.4159586,998.0,0.26545,28592.7424746
2025-09-01 04:17:00+00:00,107702.0,107702.0,107630.66,107662.95,5.92239,637610.7220368,2732.0,2.14177,230547.6599891
2025-09-01 04:18:00+00:00,107662.95,107686.65,107650.85,107651.86,4.05544,436637.1001216,1653.0,1.81108,194991.5999167
2025-09-01 04:19:00+00:00,107651.86,107670.52,107614.73,107614.73,10.81756,1164379.7166896,1405.0,2.19178,235956.8991202
2025-09-01 04:20:00+00:00,107614.74,107614.74,107562.0,107606.01,10.48248,1127788.9993041,2575.0,5.62027,604627.8730017
2025-09-01 04:21:00+00:00,107606.01,107606.01,107553.44,107563.47,4.6384,498978.9616797,1702.0,1.64909,177386.7251095
2025-09-01 04:22:00+00:00,107563.47,107578.38,107531.01,107531.01,17.50053,1882436.9363436,1717.0,1.52223,163735.8678934
2025-09-01 04:23:00+00:00,107531.02,107544.98,107521.14,107521.15,2.764,297217.2122926,804.0,0.84856,91249.8734534
2025-09-01 04:24:00+00:00,107521.14,107521.15,107380.0,107403.59,29.28059,3145293.0895994,5272.0,7.30705,784783.4084016
2025-09-01 04:25:00+00:00,107403.59,107403.6,107366.45,107373.14,22.68684,2436269.3029346,1844.0,2.6509,284657.1284519
2025-09-01 04:26:00+00:00,107373.14,107378.55,107365.01,107378.55,8.78651,943439.9557185,816.0,5.06707,544069.6366175
2025-09-01 04:27:00+00:00,107378.55,107438.74,107300.4,107428.01,88.19023,9467103.7235076,5245.0,38.52324,4135568.4806182
2025-09-01 04:28:00+00:00,107428.01,107505.67,107428.0,107505.67,16.60301,1784242.8094368,2597.0,11.63272,1250027.5078136
2025-09-01 04:29:00+00:00,107505.67,107548.51,107464.86,107467.42,16.36026,1758789.3011051,1894.0,5.49063,590349.7191965
2025-09-01 04:30:00+00:00,107467.41,107467.41,107394.55,107394.56,7.82413,840475.6957346,2442.0,3.33722,358485.3181446
2025-09-01 04:31:00+00:00,107394.56,107446.75,107379.23,107410.83,16.31205,1752028.4339031,2829.0,5.74657,617237.3094794
2025-09-01 04:32:00+00:00,107410.83,107454.01,107400.0,107400.01,5.80905,624063.0555336,1757.0,2.00748,215669.524053
2025-09-01 04:33:00+00:00,107400.01,107407.25,107340.62,107360.02,5.85095,628285.2235599,2123.0,2.32102,249199.7539871
2025-09-01 04:34:00+00:00,107360.03,107360.03,107300.0,107351.71,16.80552,1803588.0533952,4018.0,8.05206,864170.7159528
2025-09-01 04:35:00+00:00,107351.71,107362.48,107300.24,107301.24,6.29121,675208.2723491,2150.0,3.42945,368044.0804863
2025-09-01 04:36:00+00:00,107301.25,107331.2,107280.0,107321.21,13.80799,1481553.6384512,2203.0,5.52915,593266.906569
2025-09-01 04:37:00+00:00,107321.22,107322.73,107292.78,107322.73,11.50243,1234207.6783655,1789.0,3.54272,380132.9106779
2025-09-01 04:38:00+00:00,107322.73,107361.32,107313.95,107361.31,8.62125,925374.7522872,2074.0,7.19843,772655.5165738
2025-09-01 04:39:00+00:00,107361.31,107381.04,107355.6,107374.41,7.43278,798047.5958792,1494.0,4.71565,506303.5865137
2025-09-01 04:40:00+00:00,107374.41,107411.78,107374.4,107401.92,5.10197,547914.285877,900.0,3.8778,416429.3443051
2025-09-01 04:41:00+00:00,107401.92,107405.52,107349.27,107349.28,12.84675,1379668.4825933,1389.0,2.46369,264551.0324679
2025-09-01 04:42:00+00:00,107349.28,107391.79,107349.27,107372.01,3.4465,370067.2164698,1213.0,1.76071,189035.4146652
2025-09-01 04:43:00+00:00,107372.0,107386.46,107334.74,107343.42,3.51725,377624.0174558,1612.0,1.81059,194390.8317859
2025-09-01 04:44:00+00:00,107343.42,107359.83,107309.9,107309.91,9.18086,985329.3044224,1427.0,0.42092,45174.9329182
2025-09-01 04:45:00+00:00,107309.9,107334.4,107279.51,107334.4,14.46217,1551823.7320148,1391.0,9.82075,1053828.7198149
2025-09-01 04:46:00+00:00,107334.4,107347.95,107284.24,107290.0,13.95859,1497839.8691993,1861.0,3.14729,337685.8659488
2025-09-01 04:47:00+00:00,107290.0,107306.88,107289.99,107292.0,20.31127,2179460.9592896,1064.0,5.67259,608651.807868
2025-09-01 04:48:00+00:00,107292.0,107317.5,107280.0,107317.11,8.88356,953169.516348,1325.0,3.34549,358961.6957342
2025-09-01 04:49:00+00:00,107317.12,107377.8,107317.11,107348.03,10.50644,1127948.705589,2177.0,5.19692,557893.2534634
2025-09-01 04:50:00+00:00,107348.02,107379.99,107329.18,107334.0,3.05877,328365.6915572,1645.0,1.78871,192009.163574
2025-09-01 04:51:00+00:00,107334.0,107366.69,107333.99,107342.01,6.30084,676418.5661237,1326.0,4.6747,501838.003737
2025-09-01 04:52:00+00:00,107342.01,107436.98,107342.0,107393.99,4.66081,500575.5726298,2642.0,3.30353,354780.1514828
2025-09-01 04:53:00+00:00,107393.98,107424.08,107393.98,107410.01,3.16302,339757.5722554,1077.0,1.84715,198403.608381
2025-09-01 04:54:00+00:00,107410.0,107459.03,107406.0,107459.02,3.83698,412191.6804494,1438.0,2.96852,318907.1725604
2025-09-01 04:55:00+00:00,107459.03,107459.03,107391.04,107433.83,7.07616,760138.2298779,2016.0,2.0052,215414.1070252
2025-09-01 04:56:00+00:00,107433.84,107433.84,107406.05,107406.05,4.96926,533806.8581917,1148.0,2.59149,278370.1911684
2025-09-01 04:57:00+00:00,107406.06,107406.06,107374.67,107390.57,3.14285,337530.8001181,1058.0,1.58403,170119.5229039
2025-09-01 04:58:00+00:00,107390.56,107390.57,107355.77,107389.93,4.68194,502671.334074,1552.0,3.31273,355657.4875123
2025-09-01 04:59:00+00:00,107389.93,107409.1,107389.92,107409.1,1.73192,186016.5671609,641.0,1.0837,116392.5190077
2025-09-01 05:00:00+00:00,107409.09,107423.5,107368.57,107378.01,4.36008,468262.8824768,2284.0,1.35602,145631.5675002
2025-09-01 05:01:00+00:00,107378.01,107458.5,107378.0,107395.99,5.07439,545064.4897558,2560.0,3.20914,344669.4032617
2025-09-01 05:02:00+00:00,107395.99,107420.47,107355.78,107420.46,7.56125,811963.8835223,3011.0,3.94763,423918.3700207
2025-09-01 05:03:00+00:00,107420.46,107487.41,107420.46,107487.41,7.46995,802600.7207776,1554.0,5.97338,641832.0293655
2025-09-01 05:04:00+00:00,107487.4,107534.53,107487.4,107534.53,7.37205,792585.5486653,2205.0,4.47208,480795.3036088
2025-09-01 05:05:00+00:00,107534.53,107699.33,107534.52,107688.0,13.33296,1434997.3663386,3262.0,11.28173,1214109.8996777
2025-09-01 05:06:00+00:00,107688.0,107721.76,107679.24,107680.0,16.87075,1817000.3825357,2554.0,10.62949,1144780.3089407
2025-09-01 05:07:00+00:00,107680.0,107687.81,107628.99,107628.99,4.93621,531469.4097401,1831.0,2.48659,267724.7830372
2025-09-01 05:08:00+00:00,107628.99,107637.71,107527.71,107528.01,20.95872,2255311.7013272,3406.0,5.04061,542439.6886956
2025-09-01 05:09:00+00:00,107528.01,107528.01,107306.0,107335.54,19.00755,2041282.5800889,5961.0,6.31281,677804.7457314
2025-09-01 05:10:00+00:00,107335.54,107359.75,107282.0,107303.57,14.7092,1578413.7058757,3800.0,6.41696,688615.7058444
2025-09-01 05:11:00+00:00,107303.57,107332.59,107255.44,107294.01,39.75096,4264527.0664145,3839.0,8.66884,929924.0898262
2025-09-01 05:12:00+00:00,107294.01,107335.19,107276.07,107276.08,23.72584,2546183.0652387,2376.0,8.15304,874863.226648
2025-09-01 05:13:00+00:00,107276.08,107350.0,107276.08,107350.0,11.60069,1244813.9075003,2426.0,5.66503,607885.522376
2025-09-01 05:14:00+00:00,107350.0,107372.27,107343.08,107356.0,6.43494,690836.6625724,1743.0,3.41066,366147.3497439
2025-09-01 05:15:00+00:00,107356.0,107371.78,107338.0,107341.32,13.94968,1497631.3313221,2259.0,8.43106,905145.3932102
2025-09-01 05:16:00+00:00,107341.32,107341.32,107293.88,107324.01,9.70878,1041885.3386353,2431.0,3.0972,332380.9294371
2025-09-01 05:17:00+00:00,107324.01,107333.75,107290.45,107290.45,3.51836,377550.4535281,1163.0,0.64494,69210.8076611
2025-09-01 05:18:00+00:00,107290.46,107290.46,107276.08,107278.43,15.71403,1685836.8772876,907.0,1.44517,155036.2171982
2025-09-01 05:19:00+00:00,107278.42,107304.0,107255.0,107303.99,20.21053,2168176.9308292,2250.0,11.29707,1211950.6999282
2025-09-01 05:20:00+00:00,107304.0,107420.68,107303.99,107420.68,14.04649,1508076.1678823,1901.0,13.53269,1452896.8313742
2025-09-01 05:21:00+00:00,107420.68,107613.41,107402.01,107613.41,22.1452,2379774.0179685,4977.0,18.94596,2036002.888826
2025-09-01 05:22:00+00:00,107613.4,107732.04,107613.4,107700.32,33.95177,3655578.5118057,4947.0,10.62484,1144023.1933142
2025-09-01 05:23:00+00:00,107700.31,107700.31,107646.93,107655.27,11.67245,1256754.8687013,3080.0,3.4861,375333.1702975
2025-09-01 05:24:00+00:00,107655.27,107672.0,107655.26,107671.99,9.04322,973651.7290942,1343.0,5.53912,596370.6092938
2025-09-01 05:25:00+00:00,107671.99,107709.06,107658.01,107658.02,8.06551,868529.8689286,2068.0,2.81381,303023.4749916
2025-09-01 05:26:00+00:00,107658.01,107680.0,107656.0,107680.0,2.80484,301998.9213301,656.0,1.91984,206710.0159775
2025-09-01 05:27:00+00:00,107680.0,107698.92,107662.88,107688.18,6.90931,743982.7092765,1806.0,4.06573,437774.3431873
2025-09-01 05:28:00+00:00,107688.18,107691.96,107659.05,107659.24,8.41244,905855.8009672,695.0,0.45725,49238.1853175
2025-09-01 05:29:00+00:00,107659.24,107715.74,107659.24,107715.74,8.63229,929572.7290207,903.0,7.22157,777654.7543414
2025-09-01 05:30:00+00:00,107715.74,107737.0,107688.31,107688.31,10.27205,1106416.3672057,3263.0,4.13182,445049.6944093
2025-09-01 05:31:00+00:00,107688.32,107694.0,107670.2,107670.21,6.91682,744874.883118,1318.0,1.79216,192993.079265
2025-09-01 05:32:00+00:00,107670.2,107682.84,107663.69,107664.0,3.16355,340625.3399231,881.0,2.25823,243146.0205587
2025-09-01 05:33:00+00:00,107664.01,107695.03,107655.68,107655.69,5.32955,573852.0073649,1633.0,1.64945,177599.0166136
2025-09-01 05:34:00+00:00,107655.69,107689.8,107653.38,107689.8,3.1864,343081.9748191,853.0,2.72738,293664.011877
2025-09-01 05:35:00+00:00,107689.8,107707.79,107678.85,107707.79,6.5402,704351.4586478,1266.0,3.54144,381388.1595064
2025-09-01 05:36:00+00:00,107707.79,107744.68,107707.78,107743.64,2.28954,246634.4816444,669.0,1.75638,189200.6711491
2025-09-01 05:37:00+00:00,107743.64,107830.9,107736.74,107830.9,13.36349,1440291.7120599,2728.0,8.90195,959387.620439
2025-09-01 05:38:00+00:00,107830.89,107882.2,107822.77,107880.72,8.50438,917190.022328,1289.0,5.63877,608146.5274831
2025-09-01 05:39:00+00:00,107880.72,107965.49,107880.71,107965.49,8.89629,960080.9899263,1692.0,7.19101,776007.1516409
2025-09-01 05:40:00+00:00,107965.49,107965.49,107883.36,107883.36,12.14613,1310702.5777418,1963.0,3.00895,324713.0075329
2025-09-01 05:41:00+00:00,107883.37,107934.84,107880.21,107934.83,8.08521,872295.8101777,2313.0,7.04033,759553.605642
2025-09-01 05:42:00+00:00,107934.84,107962.47,107934.83,107962.47,4.58654,495103.5880391,946.0,2.66621,287818.2515055
2025-09-01 05:43:00+00:00,107962.47,107987.4,107948.48,107962.0,6.13014,661880.8650598,1837.0,2.65672,286836.5972462
2025-09-01 05:44:00+00:00,107962.01,107962.01,107910.72,107945.64,2.72964,294619.8907029,1558.0,1.1311,122077.8231391
2025-09-01 05:45:00+00:00,107945.64,107960.0,107945.63,107959.99,1.1566,124856.1283852,287.0,0.866,93485.0849804
2025-09-01 05:46:00+00:00,107959.99,107960.0,107884.75,107895.99,6.76709,730339.9859795,1808.0,2.50776,270609.5277817
2025-09-01 05:47:00+00:00,107895.99,107895.99,107859.87,107859.88,8.04234,867581.3154323,1602.0,0.78648,84846.6158823
2025-09-01 05:48:00+00:00,107859.89,107879.27,107845.53,107848.0,4.40458,475064.2516678,1839.0,2.22967,240476.1717653
2025-09-01 05:49:00+00:00,107848.0,107858.42,107845.58,107851.3,2.14008,230809.6259865,720.0,0.88918,95896.9329669
2025-09-01 05:50:00+00:00,107851.29,107866.46,107840.0,107840.01,2.10967,227540.2728827,857.0,0.81371,87760.1286267
2025-09-01 05:51:00+00:00,107840.0,107862.29,107828.39,107862.28,1.88962,203779.8634387,1024.0,1.61112,173746.7331773
2025-09-01 05:52:00+00:00,107862.29,107907.98,107862.29,107907.98,3.1658,341558.5491982,981.0,1.46487,158042.8160562
2025-09-01 05:53:00+00:00,107907.98,107953.52,107907.97,107925.36,3.82223,412559.6493399,1322.0,1.80434,194737.3102712
2025-09-01 05:54:00+00:00,107925.37,107925.37,107869.12,107869.12,8.45301,912134.289834,1822.0,1.85049,199643.7370616
2025-09-01 05:55:00+00:00,107869.12,107884.0,107862.28,107862.28,2.96951,320348.5594845,688.0,1.61647,174381.2315777
2025-09-01 05:56:00+00:00,107862.29,107890.23,107847.44,107890.23,2.54423,274413.7376352,803.0,2.13475,230247.0830534
2025-09-01 05:57:00+00:00,107890.23,107890.23,107882.0,107882.0,2.97009,320441.9817211,345.0,1.2011,129586.7622474
2025-09-01 05:58:00+00:00,107882.01,107899.1,107866.12,107866.13,2.37067,255756.6183089,1040.0,1.11278,120052.1178335
2025-09-01 05:59:00+00:00,107866.12,107866.13,107866.12,107866.12,0.89696,96751.5979324,148.0,0.29372,31682.4397036
2025-09-01 06:00:00+00:00,107866.13,107867.16,107818.07,107867.16,7.38251,796110.3142486,2079.0,6.0864,656335.2888302
2025-09-01 06:01:00+00:00,107867.16,107900.78,107867.15,107900.78,3.37708,364335.138921,782.0,2.81322,303500.2945923
2025-09-01 06:02:00+00:00,107900.77,107900.78,107836.3,107836.3,4.56324,492233.1076979,2264.0,0.99654,107482.4039588
2025-09-01 06:03:00+00:00,107836.3,107836.3,107683.06,107683.07,13.02945,1404025.427897,3999.0,1.98016,213433.4190206
2025-09-01 06:04:00+00:00,107683.07,107739.13,107675.23,107675.24,6.69111,720683.0383332,2493.0,5.09891,549177.0724213
2025-09-01 06:05:00+00:00,107675.23,107719.49,107645.82,107719.48,4.2847,461361.5899797,1952.0,3.10848,334720.5661952
2025-09-01 06:06:00+00:00,107719.48,107719.49,107678.54,107680.53,7.60063,818625.8161181,2586.0,2.47743,266817.9896457
2025-09-01 06:07:00+00:00,107680.52,107680.53,107621.92,107621.93,2.72579,293424.7066945,1660.0,0.26298,28308.977222
2025-09-01 06:08:00+00:00,107621.93,107637.83,107594.42,107594.42,21.49786,2313859.6508672,2630.0,4.71647,507603.4230513
2025-09-01 06:09:00+00:00,107594.43,107712.69,107594.43,107712.69,8.65133,931460.0959633,2549.0,5.71497,615274.4573201
2025-09-01 06:10:00+00:00,107712.69,107760.0,107712.69,107744.0,7.35523,792492.7466379,2470.0,4.11498,443347.8362001
2025-09-01 06:11:00+00:00,107744.0,107749.08,107719.32,107746.13,5.83223,628344.3026867,1577.0,2.92461,315076.9971925
2025-09-01 06:12:00+00:00,107746.14,107811.97,107746.13,107811.97,4.86222,524027.1881467,1368.0,4.4385,478363.6289523
2025-09-01 06:13:00+00:00,107811.96,107944.0,107811.96,107906.0,18.39107,1984012.5751362,3439.0,12.33417,1330619.4951472
2025-09-01 06:14:00+00:00,107906.01,107936.0,107890.79,107936.0,6.54358,706141.3961185,1172.0,5.71283,616494.4336381
2025-09-01 06:15:00+00:00,107935.99,107936.0,107859.32,107859.32,6.52022,703512.8651177,2656.0,2.28476,246495.4578604
2025-09-01 06:16:00+00:00,107859.32,107859.32,107821.7,107830.0,5.08763,548639.2146051,1930.0,2.3709,255659.2140748
2025-09-01 06:17:00+00:00,107830.0,107838.12,107793.24,107830.03,8.24095,888399.7734118,1703.0,6.79677,732692.6687506
2025-09-01 06:18:00+00:00,107830.03,107869.9,107830.03,107869.89,7.82268,843678.307696,2221.0,4.97259,536280.4633608
2025-09-01 06:19:00+00:00,107869.9,107891.67,107869.89,107885.29,2.72512,293995.5953633,804.0,1.55857,168139.7133078
2025-09-01 06:20:00+00:00,107885.29,107934.77,107885.28,107934.76,4.90014,528806.0414822,1810.0,2.2928,247414.3868397
2025-09-01 06:21:00+00:00,107934.77,108004.0,107934.77,107999.67,9.08406,980928.2040788,2321.0,8.01778,865795.8156922
2025-09-01 06:22:00+00:00,107999.66,108032.01,107991.54,108032.01,5.89155,636323.7454557,1525.0,3.69668,399276.1147854
2025-09-01 06:23:00+00:00,108032.01,108034.39,108020.8,108032.35,12.27539,1326059.2747479,1123.0,8.17172,882734.8405048
2025-09-01 06:24:00+00:00,108032.35,108036.8,108018.27,108036.8,6.67547,721137.6852611,914.0,4.89721,529031.2745819
2025-09-01 06:25:00+00:00,108036.8,108036.81,108002.27,108002.28,7.37783,797020.4490425,1513.0,1.84838,199680.1792784
2025-09-01 06:26:00+00:00,108002.28,108002.28,107956.68,107987.64,19.34631,2088817.4370197,1702.0,3.14706,339789.8034412
2025-09-01 06:27:00+00:00,107987.64,108023.31,107952.49,107996.59,8.45023,912564.9353296,2480.0,4.73434,511280.484258
2025-09-01 06:28:00+00:00,107996.58,107996.59,107965.75,107965.76,2.8724,310185.8938377,1532.0,1.01578,109692.1318889
2025-09-01 06:29:00+00:00,107965.76,107965.76,107936.75,107936.76,2.12721,229629.4247886,1329.0,0.63921,69000.4782124
2025-09-01 06:30:00+00:00,107936.76,107990.36,107936.76,107983.09,5.32513,574954.5224504,2127.0,3.56669,385082.3793134
2025-09-01 06:31:00+00:00,107983.08,107986.25,107924.5,107986.24,5.94529,641857.4584472,2274.0,2.29407,247652.5168032
2025-09-01 06:32:00+00:00,107986.25,107994.02,107964.01,107994.02,3.43128,370516.0928879,1202.0,2.45828,265451.6371081
2025-09-01 06:33:00+00:00,107994.02,108005.19,107980.0,107980.01,5.40742,583969.1691485,869.0,1.96263,211958.9468045
2025-09-01 06:34:00+00:00,107980.01,107992.57,107959.02,107964.84,3.75474,405433.8799128,1718.0,1.52387,164547.2069175
2025-09-01 06:35:00+00:00,107964.85,107986.91,107959.02,107986.91,3.11107,335898.1438266,1114.0,1.81056,195487.2893449
2025-09-01 06:36:00+00:00,107986.9,107986.91,107960.0,107960.0,3.6213,391014.280122,1138.0,1.17612,126989.498899
2025-09-01 06:37:00+00:00,107960.01,107973.88,107929.08,107973.87,7.04191,760139.7489038,1554.0,2.15425,232555.3909448
2025-09-01 06:38:00+00:00,107973.88,108000.0,107964.0,108000.0,5.82347,628774.7722681,812.0,3.42867,370197.5908028
2025-09-01 06:39:00+00:00,107999.99,108015.18,107999.99,108007.08,4.1138,444337.1234094,450.0,0.50856,54928.2190286
2025-09-01 06:40:00+00:00,108007.08,108015.5,108002.0,108015.5,1.76535,190675.7634674,592.0,1.53891,166217.9421764
2025-09-01 06:41:00+00:00,108015.5,108037.5,108015.49,108037.49,2.76604,298804.9082254,732.0,2.62878,283977.0074844
2025-09-01 06:42:00+00:00,108037.5,108089.2,108027.52,108089.2,6.40291,691829.8789522,1632.0,4.34971,469998.7242386
2025-09-01 06:43:00+00:00,108089.2,108115.94,108074.42,108115.93,20.10251,2172800.3436971,1202.0,17.27541,1867211.4303228
2025-09-01 06:44:00+00:00,108115.93,108115.94,108101.45,108101.45,6.64664,718545.3118829,765.0,4.6635,504149.1144136
2025-09-01 06:45:00+00:00,108101.44,108101.44,108052.26,108052.27,4.15579,449115.3726046,2108.0,2.32135,250856.6089549
2025-09-01 06:46:00+00:00,108052.26,108052.28,108040.09,108040.23,2.32078,250759.111021,838.0,1.08867,117630.4929936
2025-09-01 06:47:00+00:00,108040.23,108046.0,108015.42,108023.6,5.4469,588442.2358405,2028.0,3.2661,352838.2614888
2025-09-01 06:48:00+00:00,108023.6,108125.66,108023.6,108125.66,18.60481,2010708.5931561,2808.0,16.96657,1833676.7292041
2025-09-01 06:49:00+00:00,108125.65,108128.0,108053.99,108053.99,5.75456,622013.2504809,2099.0,1.23092,133042.1598583
2025-09-01 06:50:00+00:00,108054.0,108083.44,108026.02,108062.93,6.09802,658968.8987099,2753.0,2.88616,311870.902516
2025-09-01 06:51:00+00:00,108062.92,108087.07,108048.85,108087.06,6.65413,719182.9553811,1058.0,5.86596,634005.2299723
2025-09-01 06:52:00+00:00,108087.07,108087.64,108062.82,108080.0,3.07983,332853.5180225,1045.0,1.62469,175580.6236764
2025-09-01 06:53:00+00:00,108080.0,108080.01,108051.69,108058.61,3.54311,382889.7486637,803.0,1.50643,162790.3187347
2025-09-01 06:54:00+00:00,108058.62,108068.0,108033.93,108067.99,2.7988,302414.9464792,1289.0,1.48001,159918.6505396
2025-09-01 06:55:00+00:00,108068.0,108077.77,108067.99,108077.77,1.46548,158381.7478146,320.0,1.07538,116220.9290142
2025-09-01 06:56:00+00:00,108077.77,108077.77,108060.01,108060.02,1.89207,204476.4548381,489.0,0.28864,31193.9705793
2025-09-01 06:57:00+00:00,108060.01,108062.94,108048.05,108062.93,2.14163,231406.8125525,627.0,1.64738,178002.2125502
2025-09-01 06:58:00+00:00,108062.94,108066.0,108062.93,108066.0,1.11881,120901.913142,225.0,0.32467,35084.8179118
2025-09-01 06:59:00+00:00,108066.0,108074.03,108064.75,108064.75,2.07169,223886.228743,377.0,0.89728,96967.7911093
2025-09-01 07:00:00+00:00,108064.76,108129.72,108050.1,108129.72,11.26232,1217307.3329482,2574.0,8.9291,965126.2695353
2025-09-01 07:01:00+00:00,108129.72,108141.55,108126.0,108141.55,3.21723,347876.9958116,753.0,1.50958,163231.3047964
2025-09-01 07:02:00+00:00,108141.55,108146.3,108139.16,108145.73,4.27828,462659.0497415,686.0,3.44456,372497.4603175
2025-09-01 07:03:00+00:00,108145.74,108175.0,108120.84,108120.84,54.73421,5919504.8138708,2018.0,28.16772,3046498.6621706
2025-09-01 07:04:00+00:00,108120.85,108153.78,108096.35,108149.87,6.29445,680601.0084051,1735.0,4.53105,489936.8092709
2025-09-01 07:05:00+00:00,108149.87,108149.88,108092.03,108119.99,4.22594,456866.7850048,2026.0,2.37475,256710.5851996
2025-09-01 07:06:00+00:00,108120.0,108122.8,108073.99,108082.9,4.39493,475089.4255433,1301.0,1.19769,129444.817695
2025-09-01 07:07:00+00:00,108082.9,108082.9,108026.47,108026.47,3.69765,399556.8158811,1323.0,0.99996,108051.7537609
2025-09-01 07:08:00+00:00,108026.47,108038.14,108001.0,108038.14,3.09919,334763.3408815,1393.0,1.67038,180428.7975931
2025-09-01 07:09:00+00:00,108038.14,108049.99,108020.0,108049.98,4.52798,489178.7638302,1327.0,1.94095,209685.6177696
2025-09-01 07:10:00+00:00,108049.98,108121.53,108049.98,108106.49,12.2974,1329321.2455237,2051.0,9.43225,1019553.4712302
2025-09-01 07:11:00+00:00,108106.48,108115.25,108089.08,108106.99,2.8143,304233.1817129,896.0,1.33524,144334.552127
2025-09-01 07:12:00+00:00,108106.99,108106.99,108066.17,108066.17,2.25155,243366.0353268,1182.0,0.79368,85778.5059986
2025-09-01 07:13:00+00:00,108066.18,108066.18,108040.01,108040.02,2.14753,232037.0048656,925.0,0.29244,31595.4650846
2025-09-01 07:14:00+00:00,108040.02,108040.03,108001.0,108001.0,4.13293,446435.6950637,1588.0,1.08591,117302.5176648
2025-09-01 07:15:00+00:00,108001.0,108068.52,107984.79,108068.52,12.11518,1308511.2581057,2725.0,6.76568,730741.0999645
2025-09-01 07:16:00+00:00,108068.51,108114.11,108040.01,108040.01,5.55238,600080.6763213,2226.0,2.9836,322462.6199844
2025-09-01 07:17:00+00:00,108040.0,108084.32,108021.9,108084.31,11.06191,1195168.5987088,1991.0,7.34476,793530.3389585
2025-09-01 07:18:00+00:00,108084.3,108200.0,108084.3,108199.72,9.49958,1027303.9073246,2228.0,7.72252,835117.1703255
2025-09-01 07:19:00+00:00,108199.72,108275.75,108196.24,108260.0,17.50097,1894210.0948171,2195.0,10.32603,1117616.8278569
2025-09-01 07:20:00+00:00,108260.0,108317.99,108240.5,108317.99,13.11424,1420029.6968239,2909.0,10.0152,1084498.6636316
2025-09-01 07:21:00+00:00,108317.99,108383.08,108317.98,108373.76,27.87521,3020398.3942734,2971.0,18.36516,1989820.7684979
2025-09-01 07:22:00+00:00,108373.76,108388.0,108329.48,108329.48,13.45067,1457474.9957619,2990.0,5.16466,559636.0800562
2025-09-01 07:23:00+00:00,108329.49,108329.49,108294.73,108321.91,6.61711,716657.7140859,1653.0,4.32638,468559.421333
2025-09-01 07:24:00+00:00,108321.92,108321.92,108269.75,108286.01,18.18003,1968920.5597099,2622.0,5.28079,571863.4777707
2025-09-01 07:25:00+00:00,108286.01,108319.8,108260.0,108284.01,10.16319,1100519.392011,2716.0,5.8171,629861.2535166
2025-09-01 07:26:00+00:00,108284.01,108316.86,108260.0,108316.85,10.89545,1179910.4670163,2429.0,8.82524,955736.4850622
2025-09-01 07:27:00+00:00,108316.86,108392.47,108316.85,108387.97,7.96019,862627.7464639,2108.0,5.05886,548158.1483215
2025-09-01 07:28:00+00:00,108387.97,108395.61,108380.0,108395.6,4.62303,501058.3135875,568.0,3.76255,407792.1723252
2025-09-01 07:29:00+00:00,108395.6,108444.0,108395.6,108436.12,17.66325,1915036.9515198,3517.0,11.81804,1281270.1127456
2025-09-01 07:30:00+00:00,108436.12,108574.85,108433.35,108570.0,28.65747,3109323.4080878,6258.0,20.44996,2218825.4027408
2025-09-01 07:31:00+00:00,108570.01,108680.0,108545.84,108676.1,64.25347,6979560.7570065,4838.0,59.90178,6506918.1627661
2025-09-01 07:32:00+00:00,108676.1,108684.59,108648.0,108662.49,25.36954,2756683.6998113,3311.0,14.37879,1562359.5558867
2025-09-01 07:33:00+00:00,108662.49,108813.0,108662.47,108813.0,32.0275,3482266.06716,4691.0,25.75353,2800139.9784771
2025-09-01 07:34:00+00:00,108813.0,108957.44,108806.26,108806.26,70.3187,7655904.8244569,9589.0,34.28158,3732529.0913695
2025-09-01 07:35:00+00:00,108806.25,108823.4,108716.47,108744.01,28.50731,3100961.5068132,5668.0,12.37696,1346242.0194123
2025-09-01 07:36:00+00:00,108744.01,108827.2,108666.66,108687.45,24.31434,2643956.6562945,4944.0,10.85168,1180143.1573521
2025-09-01 07:37:00+00:00,108687.44,108710.08,108651.12,108651.12,58.48291,6356272.2085104,2914.0,26.8135,2914204.9037138
2025-09-01 07:38:00+00:00,108651.13,108689.21,108630.88,108630.89,21.03039,2285171.0094901,2748.0,13.34676,1450210.4323304
2025-09-01 07:39:00+00:00,108630.88,108689.98,108630.88,108650.85,13.31067,1446402.8228813,2266.0,8.63102,937857.2583931
2025-09-01 07:40:00+00:00,108650.86,108710.0,108650.85,108680.01,16.3522,1777386.390957,2270.0,7.04048,765128.749062
2025-09-01 07:41:00+00:00,108680.01,108690.0,108629.45,108629.45,12.40466,1347881.6975926,2165.0,5.49642,597217.0354145
2025-09-01 07:42:00+00:00,108629.46,108687.98,108629.45,108687.97,13.49458,1466263.8723352,2937.0,10.00458,1087032.7183858
2025-09-01 07:43:00+00:00,108687.97,108779.36,108687.97,108753.48,40.84391,4442356.1167624,3424.0,30.88078,3358664.5703515
2025-09-01 07:44:00+00:00,108753.48,108823.54,108744.72,108823.54,35.05279,3812309.4655312,2087.0,26.01547,2829444.0050749
2025-09-01 07:45:00+00:00,108823.54,108925.34,108823.53,108894.17,30.14307,3281812.707761,5653.0,21.8643,2380399.8291021
2025-09-01 07:46:00+00:00,108894.18,108965.53,108841.91,108947.71,39.1506,4264307.3328294,3883.0,24.24727,2641236.1618158
2025-09-01 07:47:00+00:00,108947.72,108969.45,108906.0,108949.94,15.63225,1703030.3415768,2890.0,9.34659,1018225.0071498
2025-09-01 07:48:00+00:00,108949.95,108998.0,108948.3,108963.06,33.60853,3662486.718575,2610.0,24.11445,2627873.869313
2025-09-01 07:49:00+00:00,108963.06,108996.06,108963.06,108972.24,20.7934,2266110.7234035,3088.0,8.98764,979482.2541399
2025-09-01 07:50:00+00:00,108972.25,109000.0,108955.05,108955.06,23.04893,2512108.6205965,2439.0,14.76412,1609253.3048635
2025-09-01 07:51:00+00:00,108955.06,109196.0,108955.05,109148.0,69.76386,7610317.7876363,7209.0,52.08505,5680184.9123374
2025-09-01 07:52:00+00:00,109148.0,109148.0,109021.91,109087.5,55.97903,6105817.3951303,6371.0,22.81834,2488713.4250798
2025-09-01 07:53:00+00:00,109087.49,109222.02,109087.49,109211.03,33.11851,3615637.6699627,4868.0,17.5713,1918264.9128816
2025-09-01 07:54:00+00:00,109211.03,109294.22,109186.67,109231.57,75.69276,8268927.9411837,6545.0,64.2925,7023471.0017695
2025-09-01 07:55:00+00:00,109231.56,109380.11,109222.01,109339.36,37.86966,4139676.7438543,4585.0,20.45559,2236024.6323851
2025-09-01 07:56:00+00:00,109339.36,109385.26,109263.6,109263.6,41.8492,4575426.8694315,4487.0,12.16187,1329779.5207445
2025-09-01 07:57:00+00:00,109263.61,109362.0,109263.6,109337.93,19.31314,2111263.4040058,2704.0,9.514,1039973.7603358
2025-09-01 07:58:00+00:00,109337.92,109374.0,109337.92,109368.01,12.23015,1337522.9594334,1332.0,6.41973,702042.8538408
2025-09-01 07:59:00+00:00,109368.0,109432.99,109368.0,109432.99,23.69927,2592638.7930709,2078.0,20.8058,2276154.0704148
2025-09-01 08:00:00+00:00,109432.99,109730.0,109432.99,109730.0,134.10016,14696788.4649512,13488.0,104.89156,11495857.7352392
2025-09-01 08:01:00+00:00,109729.99,109820.02,109681.09,109681.09,49.41982,5423500.1025569,8539.0,21.99711,2414352.3276157
2025-09-01 08:02:00+00:00,109680.0,109805.03,109589.81,109778.89,50.98879,5592341.2836392,7441.0,33.47181,3671094.2417481
2025-09-01 08:03:00+00:00,109778.89,109792.63,109621.84,109642.01,35.66678,3912337.7451943,6942.0,15.39422,1688454.740689
2025-09-01 08:04:00+00:00,109642.02,109695.38,109607.55,109695.38,43.8499,4808164.6098669,5517.0,30.11944,3302519.6340713
2025-09-01 08:05:00+00:00,109696.27,109753.95,109538.58,109581.25,53.09711,5821605.2098996,6204.0,13.19899,1446851.7471665
2025-09-01 08:06:00+00:00,109581.24,109689.46,109571.25,109677.23,44.95137,4928574.0184173,4311.0,17.84061,1956016.2956764
2025-09-01 08:07:00+00:00,109677.24,109712.0,109612.8,109615.75,29.50087,3235462.6821279,4641.0,11.41303,1251650.6004367
2025-09-01 08:08:00+00:00,109615.74,109639.28,109570.24,109584.79,22.5485,2471345.414624,3671.0,10.24529,1122842.4165717
2025-09-01 08:09:00+00:00,109584.79,109629.71,109543.01,109543.01,18.87386,2068412.2693673,3082.0,4.02369,440968.4040598
2025-09-01 08:10:00+00:00,109543.01,109546.58,109451.97,109525.85,15.30767,1676231.8359778,3516.0,6.47432,708923.8487841
2025-09-01 08:11:00+00:00,109525.85,109553.44,109506.09,109506.1,22.419,2455505.4374324,2637.0,7.81156,855519.358449
2025-09-01 08:12:00+00:00,109506.09,109634.81,109506.09,109616.68,22.60978,2477876.8430223,3705.0,13.40521,1468978.6323224
2025-09-01 08:13:00+00:00,109616.69,109616.69,109509.33,109513.11,15.15225,1660023.8312031,2700.0,4.39532,481626.7721834
2025-09-01 08:14:00+00:00,109513.1,109521.76,109468.01,109514.48,21.57598,2362539.1421178,2439.0,7.87102,861807.7474863
2025-09-01 08:15:00+00:00,109514.48,109577.88,109478.53,109478.54,31.15735,3412714.3873764,3478.0,13.80835,1512450.6186802
2025-09-01 08:16:00+00:00,109478.53,109514.63,109424.0,109442.0,17.49745,1915367.8102904,3255.0,6.72362,735975.9522463
2025-09-01 08:17:00+00:00,109442.01,109538.64,109442.0,109538.63,9.68671,1060513.3935033,2451.0,7.71826,844981.8994313
2025-09-01 08:18:00+00:00,109538.63,109579.47,109516.73,109579.47,14.91045,1633430.6897314,3656.0,10.02475,1098150.4052837
2025-09-01 08:19:00+00:00,109579.46,109672.15,109579.46,109628.14,33.31259,3652726.7956427,2870.0,10.93776,1199178.1289008
